audio_path,transcription,speaker_id,duration,sample_rate
C:\Users\Mahesh Karki\Downloads\Mahesh\Nep-Eng\data\raw\asr\audio\nep_spk_01_0000.wav,नमस्ते म नेपालबाट आएको हुँ।,spk_01,1.5,16000
C:\Users\Mahesh Karki\Downloads\Mahesh\Nep-Eng\data\raw\asr\audio\nep_spk_01_0001.wav,आजको मौसम धेरै राम्रो छ।,spk_01,2.0,16000
C:\Users\Mahesh Karki\Downloads\Mahesh\Nep-Eng\data\raw\asr\audio\nep_spk_01_0002.wav,तपाईंको नाम के हो।,spk_01,2.5,16000
C:\Users\Mahesh Karki\Downloads\Mahesh\Nep-Eng\data\raw\asr\audio\nep_spk_02_0003.wav,काठमाडौं नेपालको राजधानी सहर हो।,spk_02,3.0,16000
C:\Users\Mahesh Karki\Downloads\Mahesh\Nep-Eng\data\raw\asr\audio\nep_spk_02_0004.wav,म नेपाली भाषा सिक्दैछु।,spk_02,3.5,16000
C:\Users\Mahesh Karki\Downloads\Mahesh\Nep-Eng\data\raw\asr\audio\nep_spk_02_0005.wav,नेपाल एक सुन्दर र शान्त देश हो।,spk_02,4.0,16000
C:\Users\Mahesh Karki\Downloads\Mahesh\Nep-Eng\data\raw\asr\audio\nep_spk_03_0006.wav,हामी सबै मिलेर काम गर्नुपर्छ।,spk_03,4.5,16000
C:\Users\Mahesh Karki\Downloads\Mahesh\Nep-Eng\data\raw\asr\audio\nep_spk_03_0007.wav,मलाई नेपाली खाना धेरै मन पर्छ।,spk_03,5.0,16000
C:\Users\Mahesh Karki\Downloads\Mahesh\Nep-Eng\data\raw\asr\audio\nep_spk_03_0008.wav,सगरमाथा संसारको सबैभन्दा अग्लो शिखर हो।,spk_03,1.5,16000
C:\Users\Mahesh Karki\Downloads\Mahesh\Nep-Eng\data\raw\asr\audio\nep_spk_05_0012.wav,विद्यालयमा नयाँ विद्यार्थीहरू आएका छन्।,spk_05,3.5,16000
C:\Users\Mahesh Karki\Downloads\Mahesh\Nep-Eng\data\raw\asr\audio\nep_spk_05_0013.wav,स्वास्थ्य नै सबैभन्दा ठूलो धन हो।,spk_05,4.0,16000
C:\Users\Mahesh Karki\Downloads\Mahesh\Nep-Eng\data\raw\asr\audio\nep_spk_05_0014.wav,हाम्रो संस्कृति हाम्रो पहिचान हो।,spk_05,4.5,16000
C:\Users\Mahesh Karki\Downloads\Mahesh\Nep-Eng\data\raw\asr\audio\nep_spk_06_0015.wav,पानी पिउनु स्वास्थ्यको लागि राम्रो हुन्छ।,spk_06,5.0,16000
C:\Users\Mahesh Karki\Downloads\Mahesh\Nep-Eng\data\raw\asr\audio\nep_spk_06_0016.wav,पुस्तकालयमा धेरै उपयोगी पुस्तकहरू छन्।,spk_06,1.5,16000
C:\Users\Mahesh Karki\Downloads\Mahesh\Nep-Eng\data\raw\asr\audio\nep_spk_06_0017.wav,मेहनत गरे अवश्य सफलता मिल्छ।,spk_06,2.0,16000
C:\Users\Mahesh Karki\Downloads\Mahesh\Nep-Eng\data\raw\asr\audio\nep_spk_01_0020.wav,नमस्ते म नेपालबाट आएको हुँ।,spk_01,3.5,16000
C:\Users\Mahesh Karki\Downloads\Mahesh\Nep-Eng\data\raw\asr\audio\nep_spk_01_0021.wav,आजको मौसम धेरै राम्रो छ।,spk_01,4.0,16000
C:\Users\Mahesh Karki\Downloads\Mahesh\Nep-Eng\data\raw\asr\audio\nep_spk_01_0022.wav,तपाईंको नाम के हो।,spk_01,4.5,16000
C:\Users\Mahesh Karki\Downloads\Mahesh\Nep-Eng\data\raw\asr\audio\nep_spk_02_0023.wav,काठमाडौं नेपालको राजधानी सहर हो।,spk_02,5.0,16000
C:\Users\Mahesh Karki\Downloads\Mahesh\Nep-Eng\data\raw\asr\audio\nep_spk_02_0024.wav,म नेपाली भाषा सिक्दैछु।,spk_02,1.5,16000
C:\Users\Mahesh Karki\Downloads\Mahesh\Nep-Eng\data\raw\asr\audio\nep_spk_02_0025.wav,नेपाल एक सुन्दर र शान्त देश हो।,spk_02,2.0,16000
C:\Users\Mahesh Karki\Downloads\Mahesh\Nep-Eng\data\raw\asr\audio\nep_spk_03_0026.wav,हामी सबै मिलेर काम गर्नुपर्छ।,spk_03,2.5,16000
C:\Users\Mahesh Karki\Downloads\Mahesh\Nep-Eng\data\raw\asr\audio\nep_spk_03_0027.wav,मलाई नेपाली खाना धेरै मन पर्छ।,spk_03,3.0,16000
C:\Users\Mahesh Karki\Downloads\Mahesh\Nep-Eng\data\raw\asr\audio\nep_spk_03_0028.wav,सगरमाथा संसारको सबैभन्दा अग्लो शिखर हो।,spk_03,3.5,16000
C:\Users\Mahesh Karki\Downloads\Mahesh\Nep-Eng\data\raw\asr\audio\nep_spk_05_0032.wav,विद्यालयमा नयाँ विद्यार्थीहरू आएका छन्।,spk_05,1.5,16000
C:\Users\Mahesh Karki\Downloads\Mahesh\Nep-Eng\data\raw\asr\audio\nep_spk_05_0033.wav,स्वास्थ्य नै सबैभन्दा ठूलो धन हो।,spk_05,2.0,16000
C:\Users\Mahesh Karki\Downloads\Mahesh\Nep-Eng\data\raw\asr\audio\nep_spk_05_0034.wav,हाम्रो संस्कृति हाम्रो पहिचान हो।,spk_05,2.5,16000
C:\Users\Mahesh Karki\Downloads\Mahesh\Nep-Eng\data\raw\asr\audio\nep_spk_06_0035.wav,पानी पिउनु स्वास्थ्यको लागि राम्रो हुन्छ।,spk_06,3.0,16000
C:\Users\Mahesh Karki\Downloads\Mahesh\Nep-Eng\data\raw\asr\audio\nep_spk_06_0036.wav,पुस्तकालयमा धेरै उपयोगी पुस्तकहरू छन्।,spk_06,3.5,16000
C:\Users\Mahesh Karki\Downloads\Mahesh\Nep-Eng\data\raw\asr\audio\nep_spk_06_0037.wav,मेहनत गरे अवश्य सफलता मिल्छ।,spk_06,4.0,16000
C:\Users\Mahesh Karki\Downloads\Mahesh\Nep-Eng\data\raw\asr\audio\nep_spk_01_0040.wav,नमस्ते म नेपालबाट आएको हुँ।,spk_01,1.5,16000
C:\Users\Mahesh Karki\Downloads\Mahesh\Nep-Eng\data\raw\asr\audio\nep_spk_01_0041.wav,आजको मौसम धेरै राम्रो छ।,spk_01,2.0,16000
C:\Users\Mahesh Karki\Downloads\Mahesh\Nep-Eng\data\raw\asr\audio\nep_spk_01_0042.wav,तपाईंको नाम के हो।,spk_01,2.5,16000
C:\Users\Mahesh Karki\Downloads\Mahesh\Nep-Eng\data\raw\asr\audio\nep_spk_02_0043.wav,काठमाडौं नेपालको राजधानी सहर हो।,spk_02,3.0,16000
C:\Users\Mahesh Karki\Downloads\Mahesh\Nep-Eng\data\raw\asr\audio\nep_spk_02_0044.wav,म नेपाली भाषा सिक्दैछु।,spk_02,3.5,16000
C:\Users\Mahesh Karki\Downloads\Mahesh\Nep-Eng\data\raw\asr\audio\nep_spk_02_0045.wav,नेपाल एक सुन्दर र शान्त देश हो।,spk_02,4.0,16000
C:\Users\Mahesh Karki\Downloads\Mahesh\Nep-Eng\data\raw\asr\audio\nep_spk_03_0046.wav,हामी सबै मिलेर काम गर्नुपर्छ।,spk_03,4.5,16000
C:\Users\Mahesh Karki\Downloads\Mahesh\Nep-Eng\data\raw\asr\audio\nep_spk_03_0047.wav,मलाई नेपाली खाना धेरै मन पर्छ।,spk_03,5.0,16000
C:\Users\Mahesh Karki\Downloads\Mahesh\Nep-Eng\data\raw\asr\audio\nep_spk_03_0048.wav,सगरमाथा संसारको सबैभन्दा अग्लो शिखर हो।,spk_03,1.5,16000
C:\Users\Mahesh Karki\Downloads\Mahesh\Nep-Eng\data\raw\asr\audio\nep_spk_05_0052.wav,विद्यालयमा नयाँ विद्यार्थीहरू आएका छन्।,spk_05,3.5,16000
C:\Users\Mahesh Karki\Downloads\Mahesh\Nep-Eng\data\raw\asr\audio\nep_spk_05_0053.wav,स्वास्थ्य नै सबैभन्दा ठूलो धन हो।,spk_05,4.0,16000
C:\Users\Mahesh Karki\Downloads\Mahesh\Nep-Eng\data\raw\asr\audio\nep_spk_05_0054.wav,हाम्रो संस्कृति हाम्रो पहिचान हो।,spk_05,4.5,16000
C:\Users\Mahesh Karki\Downloads\Mahesh\Nep-Eng\data\raw\asr\audio\nep_spk_06_0055.wav,पानी पिउनु स्वास्थ्यको लागि राम्रो हुन्छ।,spk_06,5.0,16000
C:\Users\Mahesh Karki\Downloads\Mahesh\Nep-Eng\data\raw\asr\audio\nep_spk_06_0056.wav,पुस्तकालयमा धेरै उपयोगी पुस्तकहरू छन्।,spk_06,1.5,16000
C:\Users\Mahesh Karki\Downloads\Mahesh\Nep-Eng\data\raw\asr\audio\nep_spk_06_0057.wav,मेहनत गरे अवश्य सफलता मिल्छ।,spk_06,2.0,16000
C:\Users\Mahesh Karki\Downloads\Mahesh\Nep-Eng\data\raw\asr\audio\nep_spk_01_0060.wav,नमस्ते म नेपालबाट आएको हुँ।,spk_01,3.5,16000
C:\Users\Mahesh Karki\Downloads\Mahesh\Nep-Eng\data\raw\asr\audio\nep_spk_01_0061.wav,आजको मौसम धेरै राम्रो छ।,spk_01,4.0,16000
C:\Users\Mahesh Karki\Downloads\Mahesh\Nep-Eng\data\raw\asr\audio\nep_spk_01_0062.wav,तपाईंको नाम के हो।,spk_01,4.5,16000
C:\Users\Mahesh Karki\Downloads\Mahesh\Nep-Eng\data\raw\asr\audio\nep_spk_02_0063.wav,काठमाडौं नेपालको राजधानी सहर हो।,spk_02,5.0,16000
C:\Users\Mahesh Karki\Downloads\Mahesh\Nep-Eng\data\raw\asr\audio\nep_spk_02_0064.wav,म नेपाली भाषा सिक्दैछु।,spk_02,1.5,16000
C:\Users\Mahesh Karki\Downloads\Mahesh\Nep-Eng\data\raw\asr\audio\nep_spk_02_0065.wav,नेपाल एक सुन्दर र शान्त देश हो।,spk_02,2.0,16000
C:\Users\Mahesh Karki\Downloads\Mahesh\Nep-Eng\data\raw\asr\audio\nep_spk_03_0066.wav,हामी सबै मिलेर काम गर्नुपर्छ।,spk_03,2.5,16000
C:\Users\Mahesh Karki\Downloads\Mahesh\Nep-Eng\data\raw\asr\audio\nep_spk_03_0067.wav,मलाई नेपाली खाना धेरै मन पर्छ।,spk_03,3.0,16000
C:\Users\Mahesh Karki\Downloads\Mahesh\Nep-Eng\data\raw\asr\audio\nep_spk_03_0068.wav,सगरमाथा संसारको सबैभन्दा अग्लो शिखर हो।,spk_03,3.5,16000
C:\Users\Mahesh Karki\Downloads\Mahesh\Nep-Eng\data\raw\asr\audio\nep_spk_05_0072.wav,विद्यालयमा नयाँ विद्यार्थीहरू आएका छन्।,spk_05,1.5,16000
C:\Users\Mahesh Karki\Downloads\Mahesh\Nep-Eng\data\raw\asr\audio\nep_spk_05_0073.wav,स्वास्थ्य नै सबैभन्दा ठूलो धन हो।,spk_05,2.0,16000
C:\Users\Mahesh Karki\Downloads\Mahesh\Nep-Eng\data\raw\asr\audio\nep_spk_05_0074.wav,हाम्रो संस्कृति हाम्रो पहिचान हो।,spk_05,2.5,16000
C:\Users\Mahesh Karki\Downloads\Mahesh\Nep-Eng\data\raw\asr\audio\nep_spk_06_0075.wav,पानी पिउनु स्वास्थ्यको लागि राम्रो हुन्छ।,spk_06,3.0,16000
C:\Users\Mahesh Karki\Downloads\Mahesh\Nep-Eng\data\raw\asr\audio\nep_spk_06_0076.wav,पुस्तकालयमा धेरै उपयोगी पुस्तकहरू छन्।,spk_06,3.5,16000
C:\Users\Mahesh Karki\Downloads\Mahesh\Nep-Eng\data\raw\asr\audio\nep_spk_06_0077.wav,मेहनत गरे अवश्य सफलता मिल्छ।,spk_06,4.0,16000
C:\Users\Mahesh Karki\Downloads\Mahesh\Nep-Eng\data\raw\asr\audio\nep_spk_01_0080.wav,नमस्ते म नेपालबाट आएको हुँ।,spk_01,1.5,16000
C:\Users\Mahesh Karki\Downloads\Mahesh\Nep-Eng\data\raw\asr\audio\nep_spk_01_0081.wav,आजको मौसम धेरै राम्रो छ।,spk_01,2.0,16000
C:\Users\Mahesh Karki\Downloads\Mahesh\Nep-Eng\data\raw\asr\audio\nep_spk_01_0082.wav,तपाईंको नाम के हो।,spk_01,2.5,16000
C:\Users\Mahesh Karki\Downloads\Mahesh\Nep-Eng\data\raw\asr\audio\nep_spk_02_0083.wav,काठमाडौं नेपालको राजधानी सहर हो।,spk_02,3.0,16000
C:\Users\Mahesh Karki\Downloads\Mahesh\Nep-Eng\data\raw\asr\audio\nep_spk_02_0084.wav,म नेपाली भाषा सिक्दैछु।,spk_02,3.5,16000
C:\Users\Mahesh Karki\Downloads\Mahesh\Nep-Eng\data\raw\asr\audio\nep_spk_02_0085.wav,नेपाल एक सुन्दर र शान्त देश हो।,spk_02,4.0,16000
C:\Users\Mahesh Karki\Downloads\Mahesh\Nep-Eng\data\raw\asr\audio\nep_spk_03_0086.wav,हामी सबै मिलेर काम गर्नुपर्छ।,spk_03,4.5,16000
C:\Users\Mahesh Karki\Downloads\Mahesh\Nep-Eng\data\raw\asr\audio\nep_spk_03_0087.wav,मलाई नेपाली खाना धेरै मन पर्छ।,spk_03,5.0,16000
C:\Users\Mahesh Karki\Downloads\Mahesh\Nep-Eng\data\raw\asr\audio\nep_spk_03_0088.wav,सगरमाथा संसारको सबैभन्दा अग्लो शिखर हो।,spk_03,1.5,16000
C:\Users\Mahesh Karki\Downloads\Mahesh\Nep-Eng\data\raw\asr\audio\nep_spk_05_0092.wav,विद्यालयमा नयाँ विद्यार्थीहरू आएका छन्।,spk_05,3.5,16000
C:\Users\Mahesh Karki\Downloads\Mahesh\Nep-Eng\data\raw\asr\audio\nep_spk_05_0093.wav,स्वास्थ्य नै सबैभन्दा ठूलो धन हो।,spk_05,4.0,16000
C:\Users\Mahesh Karki\Downloads\Mahesh\Nep-Eng\data\raw\asr\audio\nep_spk_05_0094.wav,हाम्रो संस्कृति हाम्रो पहिचान हो।,spk_05,4.5,16000
C:\Users\Mahesh Karki\Downloads\Mahesh\Nep-Eng\data\raw\asr\audio\nep_spk_06_0095.wav,पानी पिउनु स्वास्थ्यको लागि राम्रो हुन्छ।,spk_06,5.0,16000
C:\Users\Mahesh Karki\Downloads\Mahesh\Nep-Eng\data\raw\asr\audio\nep_spk_06_0096.wav,पुस्तकालयमा धेरै उपयोगी पुस्तकहरू छन्।,spk_06,1.5,16000
C:\Users\Mahesh Karki\Downloads\Mahesh\Nep-Eng\data\raw\asr\audio\nep_spk_06_0097.wav,मेहनत गरे अवश्य सफलता मिल्छ।,spk_06,2.0,16000
C:\Users\Mahesh Karki\Downloads\Mahesh\Nep-Eng\data\raw\asr\audio\nep_spk_01_0100.wav,नमस्ते म नेपालबाट आएको हुँ।,spk_01,3.5,16000
C:\Users\Mahesh Karki\Downloads\Mahesh\Nep-Eng\data\raw\asr\audio\nep_spk_01_0101.wav,आजको मौसम धेरै राम्रो छ।,spk_01,4.0,16000
C:\Users\Mahesh Karki\Downloads\Mahesh\Nep-Eng\data\raw\asr\audio\nep_spk_01_0102.wav,तपाईंको नाम के हो।,spk_01,4.5,16000
C:\Users\Mahesh Karki\Downloads\Mahesh\Nep-Eng\data\raw\asr\audio\nep_spk_02_0103.wav,काठमाडौं नेपालको राजधानी सहर हो।,spk_02,5.0,16000
C:\Users\Mahesh Karki\Downloads\Mahesh\Nep-Eng\data\raw\asr\audio\nep_spk_02_0104.wav,म नेपाली भाषा सिक्दैछु।,spk_02,1.5,16000
C:\Users\Mahesh Karki\Downloads\Mahesh\Nep-Eng\data\raw\asr\audio\nep_spk_02_0105.wav,नेपाल एक सुन्दर र शान्त देश हो।,spk_02,2.0,16000
C:\Users\Mahesh Karki\Downloads\Mahesh\Nep-Eng\data\raw\asr\audio\nep_spk_03_0106.wav,हामी सबै मिलेर काम गर्नुपर्छ।,spk_03,2.5,16000
C:\Users\Mahesh Karki\Downloads\Mahesh\Nep-Eng\data\raw\asr\audio\nep_spk_03_0107.wav,मलाई नेपाली खाना धेरै मन पर्छ।,spk_03,3.0,16000
C:\Users\Mahesh Karki\Downloads\Mahesh\Nep-Eng\data\raw\asr\audio\nep_spk_03_0108.wav,सगरमाथा संसारको सबैभन्दा अग्लो शिखर हो।,spk_03,3.5,16000
C:\Users\Mahesh Karki\Downloads\Mahesh\Nep-Eng\data\raw\asr\audio\nep_spk_05_0112.wav,विद्यालयमा नयाँ विद्यार्थीहरू आएका छन्।,spk_05,1.5,16000
C:\Users\Mahesh Karki\Downloads\Mahesh\Nep-Eng\data\raw\asr\audio\nep_spk_05_0113.wav,स्वास्थ्य नै सबैभन्दा ठूलो धन हो।,spk_05,2.0,16000
C:\Users\Mahesh Karki\Downloads\Mahesh\Nep-Eng\data\raw\asr\audio\nep_spk_05_0114.wav,हाम्रो संस्कृति हाम्रो पहिचान हो।,spk_05,2.5,16000
C:\Users\Mahesh Karki\Downloads\Mahesh\Nep-Eng\data\raw\asr\audio\nep_spk_06_0115.wav,पानी पिउनु स्वास्थ्यको लागि राम्रो हुन्छ।,spk_06,3.0,16000
C:\Users\Mahesh Karki\Downloads\Mahesh\Nep-Eng\data\raw\asr\audio\nep_spk_06_0116.wav,पुस्तकालयमा धेरै उपयोगी पुस्तकहरू छन्।,spk_06,3.5,16000
C:\Users\Mahesh Karki\Downloads\Mahesh\Nep-Eng\data\raw\asr\audio\nep_spk_06_0117.wav,मेहनत गरे अवश्य सफलता मिल्छ।,spk_06,4.0,16000
