nepali_text,english_text
सडक पार गर्दा ध्यान दिनुहोस्।,be careful when crossing the street .
शिक्षाले जीवनलाई उज्यालो बनाउँछ।,education brightens life .
तपाईँ कति बजे उठ्नुहुन्छ।,what time do you wake up ?
म हरेक दिन बिहान हिँड्छु।,i walk every morning .
मलाई नयाँ कुरा सिक्न मन पर्छ।,i like to learn new things .
शुभ रात्रि मीठो सपना।,"good night , sweet dreams ."
भोलि बिहान भेटौँला।,see you tomorrow morning .
समय निकै बलवान हुन्छ।,time is very powerful .
तपाईँ कहाँ बस्नुहुन्छ।,where do you live ?
स्वास्थ्य नै धन हो।,health is wealth .
म नेपालमा बस्छु।,i live in nepal .
तपाईँको यात्रा शुभ रहोस्।,have a safe journey .
नमस्ते तपाईँलाई कस्तो छ।,"hello , how are you ?"
तपाईँको नाम के हो।,what is your name ?
पानी जीवनको आधार हो।,water is the basis of life .
सफलताको लागि मेहनत चाहिन्छ।,hard work is needed for success .
मेरो नाम महेश हो।,my name is mahesh .
धन्यवाद तपाईंको सहयोगको लागि।,thank you for your help .
मलाई नेपाली खाना धेरै मन पर्छ।,i like nepali food very much .
आजको मौसम निकै राम्रो छ।,today's weather is very nice .
हामीले वातावरण सफा राख्नुपर्छ।,we must keep the environment clean .
काठमाडौँ नेपालको राजधानी हो।,kathmandu is the capital of nepal .
यो प्रश्न धेरै सजिलो छ।,this question is very easy .
नेपाल एक शान्त देश हो।,nepal is a peaceful country .
प्रविधिले संसारलाई नजिक ल्याएको छ।,technology has brought the world closer .
कृपया मलाई मद्दत गर्नुहोस्।,please help me .
सूर्य पूर्वबाट उदाउँछ।,the sun rises in the east .
हाम्रो देशमा धेरै सुन्दर तालहरू छन्।,there are many beautiful lakes in our country .
