audio_path,ground_truth_nepali,predicted_nepali,ground_truth_english,mode1_english,predicted_english,cer,wer,mode1_bleu,e2e_bleu,error_classification,error_reason,audio_duration_sec,asr_latency_sec,translation_latency_sec,total_latency_sec,real_time_factor,asr_confidence
C:\Users\Mahesh Karki\Downloads\Mahesh\Nep-Eng\data\raw\asr\audio\nep_spk_07_018.wav,प्राकृतिक सौन्दर्यले भरिपूर्ण छ नेपाल।,म।,nepal is full of natural beauty .,i is is is .,i is is .,0.9737,1.0,0.0,0.0,Both,Both ASR transcription failed and translation model struggled on this sample.,2.5,0.0347,0.0071,0.0424,0.017,0.5967
C:\Users\Mahesh Karki\Downloads\Mahesh\Nep-Eng\data\raw\asr\audio\nep_spk_07_019.wav,आज बेलुका भेटौंला।,म।,see you this evening .,i is is .,i is is .,0.9444,1.0,0.0,0.0,Both,Both ASR transcription failed and translation model struggled on this sample.,3.0,0.0171,0.0151,0.0328,0.0109,0.5982
C:\Users\Mahesh Karki\Downloads\Mahesh\Nep-Eng\data\raw\asr\audio\nep_spk_07_038.wav,प्राकृतिक सौन्दर्यले भरिपूर्ण छ नेपाल।,म।,nepal is full of natural beauty .,i is is is .,i is is .,0.9737,1.0,0.0,0.0,Both,Both ASR transcription failed and translation model struggled on this sample.,4.5,0.0368,0.0089,0.0463,0.0103,0.5957
C:\Users\Mahesh Karki\Downloads\Mahesh\Nep-Eng\data\raw\asr\audio\nep_spk_07_039.wav,आज बेलुका भेटौंला।,म।,see you this evening .,i is is .,i is is .,0.9444,1.0,0.0,0.0,Both,Both ASR transcription failed and translation model struggled on this sample.,5.0,0.0463,0.0079,0.0548,0.011,0.5983
C:\Users\Mahesh Karki\Downloads\Mahesh\Nep-Eng\data\raw\asr\audio\nep_spk_07_058.wav,प्राकृतिक सौन्दर्यले भरिपूर्ण छ नेपाल।,म।,nepal is full of natural beauty .,i is is is .,i is is .,0.9737,1.0,0.0,0.0,Both,Both ASR transcription failed and translation model struggled on this sample.,2.5,0.028,0.0074,0.0359,0.0144,0.5952
C:\Users\Mahesh Karki\Downloads\Mahesh\Nep-Eng\data\raw\asr\audio\nep_spk_07_059.wav,आज बेलुका भेटौंला।,म।,see you this evening .,i is is .,i is is .,0.9444,1.0,0.0,0.0,Both,Both ASR transcription failed and translation model struggled on this sample.,3.0,0.0379,0.0076,0.0461,0.0154,0.599
C:\Users\Mahesh Karki\Downloads\Mahesh\Nep-Eng\data\raw\asr\audio\nep_spk_07_078.wav,प्राकृतिक सौन्दर्यले भरिपूर्ण छ नेपाल।,म।,nepal is full of natural beauty .,i is is is .,i is is .,0.9737,1.0,0.0,0.0,Both,Both ASR transcription failed and translation model struggled on this sample.,4.5,0.038,0.0143,0.0531,0.0118,0.5963
C:\Users\Mahesh Karki\Downloads\Mahesh\Nep-Eng\data\raw\asr\audio\nep_spk_07_079.wav,आज बेलुका भेटौंला।,म।,see you this evening .,i is is .,i is is .,0.9444,1.0,0.0,0.0,Both,Both ASR transcription failed and translation model struggled on this sample.,5.0,0.0455,0.0144,0.0605,0.0121,0.5981
C:\Users\Mahesh Karki\Downloads\Mahesh\Nep-Eng\data\raw\asr\audio\nep_spk_07_098.wav,प्राकृतिक सौन्दर्यले भरिपूर्ण छ नेपाल।,म।,nepal is full of natural beauty .,i is is is .,i is is .,0.9737,1.0,0.0,0.0,Both,Both ASR transcription failed and translation model struggled on this sample.,2.5,0.034,0.0111,0.0457,0.0183,0.5963
C:\Users\Mahesh Karki\Downloads\Mahesh\Nep-Eng\data\raw\asr\audio\nep_spk_07_099.wav,आज बेलुका भेटौंला।,म।,see you this evening .,i is is .,i is is .,0.9444,1.0,0.0,0.0,Both,Both ASR transcription failed and translation model struggled on this sample.,3.0,0.0378,0.0155,0.054,0.018,0.599
C:\Users\Mahesh Karki\Downloads\Mahesh\Nep-Eng\data\raw\asr\audio\nep_spk_04_009.wav,धन्यवाद तपाईंको सहयोगको लागि।,म।,thank you for your help .,i is is is .,i is is .,0.9655,1.0,0.0,0.0,Both,Both ASR transcription failed and translation model struggled on this sample.,2.0,0.0373,0.0107,0.0487,0.0243,0.5963
C:\Users\Mahesh Karki\Downloads\Mahesh\Nep-Eng\data\raw\asr\audio\nep_spk_04_010.wav,यो परियोजना धेरै महत्त्वपूर्ण छ।,म।,this project is very important .,i is is is .,i is is .,0.9375,1.0,0.0,0.0,Both,Both ASR transcription failed and translation model struggled on this sample.,2.5,0.0325,0.0171,0.0505,0.0202,0.5954
C:\Users\Mahesh Karki\Downloads\Mahesh\Nep-Eng\data\raw\asr\audio\nep_spk_04_011.wav,समयको सहि सदुपयोग गर्नुपर्छ।,म।,time must be utilized properly .,i is is is .,i is is .,0.9286,1.0,0.0,0.0,Both,Both ASR transcription failed and translation model struggled on this sample.,3.0,0.0319,0.0126,0.0452,0.0151,0.5986
C:\Users\Mahesh Karki\Downloads\Mahesh\Nep-Eng\data\raw\asr\audio\nep_spk_04_029.wav,धन्यवाद तपाईंको सहयोगको लागि।,म।,thank you for your help .,i is is is .,i is is .,0.9655,1.0,0.0,0.0,Both,Both ASR transcription failed and translation model struggled on this sample.,4.0,0.0643,0.0126,0.0779,0.0195,0.5983
C:\Users\Mahesh Karki\Downloads\Mahesh\Nep-Eng\data\raw\asr\audio\nep_spk_04_030.wav,यो परियोजना धेरै महत्त्वपूर्ण छ।,म।,this project is very important .,i is is is .,i is is .,0.9375,1.0,0.0,0.0,Both,Both ASR transcription failed and translation model struggled on this sample.,4.5,0.0481,0.0165,0.0654,0.0145,0.5944
C:\Users\Mahesh Karki\Downloads\Mahesh\Nep-Eng\data\raw\asr\audio\nep_spk_04_031.wav,समयको सहि सदुपयोग गर्नुपर्छ।,म।,time must be utilized properly .,i is is is .,i is is .,0.9286,1.0,0.0,0.0,Both,Both ASR transcription failed and translation model struggled on this sample.,5.0,0.0439,0.0076,0.0522,0.0104,0.5987
C:\Users\Mahesh Karki\Downloads\Mahesh\Nep-Eng\data\raw\asr\audio\nep_spk_04_049.wav,धन्यवाद तपाईंको सहयोगको लागि।,म।,thank you for your help .,i is is is .,i is is .,0.9655,1.0,0.0,0.0,Both,Both ASR transcription failed and translation model struggled on this sample.,2.0,0.0487,0.008,0.0574,0.0287,0.5967
C:\Users\Mahesh Karki\Downloads\Mahesh\Nep-Eng\data\raw\asr\audio\nep_spk_04_050.wav,यो परियोजना धेरै महत्त्वपूर्ण छ।,म।,this project is very important .,i is is is .,i is is .,0.9375,1.0,0.0,0.0,Both,Both ASR transcription failed and translation model struggled on this sample.,2.5,0.0343,0.0177,0.0528,0.0211,0.5954
C:\Users\Mahesh Karki\Downloads\Mahesh\Nep-Eng\data\raw\asr\audio\nep_spk_04_051.wav,समयको सहि सदुपयोग गर्नुपर्छ।,म।,time must be utilized properly .,i is is is .,i is is .,0.9286,1.0,0.0,0.0,Both,Both ASR transcription failed and translation model struggled on this sample.,3.0,0.0335,0.0086,0.043,0.0143,0.5981
C:\Users\Mahesh Karki\Downloads\Mahesh\Nep-Eng\data\raw\asr\audio\nep_spk_04_069.wav,धन्यवाद तपाईंको सहयोगको लागि।,म।,thank you for your help .,i is is is .,i is is .,0.9655,1.0,0.0,0.0,Both,Both ASR transcription failed and translation model struggled on this sample.,4.0,0.0451,0.0088,0.0545,0.0136,0.5983
