audio_path,speaker,duration_sec,duration_bin,transcript_words,length_bin,speech_speed_wps,ground_truth_nepali,predicted_nepali,ground_truth_english,predicted_english,cer,wer,e2e_bleu,primary_asr_error,char_substitutions,char_deletions,char_insertions,word_substitutions,word_deletions,word_insertions,primary_nmt_error
C:\Users\Mahesh Karki\Downloads\Mahesh\Nep-Eng\data\raw\asr\audio\nep_spk_07_018.wav,spk_07,2.5,medium (2-5s),5,medium (4-7 words),2.0,प्राकृतिक सौन्दर्यले भरिपूर्ण छ नेपाल।,म।,nepal is full of natural beauty .,i is is .,0.9737,1.0,0.0,word_substitution,1,33,1,1,4,0,wrong_word
C:\Users\Mahesh Karki\Downloads\Mahesh\Nep-Eng\data\raw\asr\audio\nep_spk_07_019.wav,spk_07,3.0,medium (2-5s),3,short (<4 words),1.0,आज बेलुका भेटौंला।,म।,see you this evening .,i is is .,0.9444,1.0,0.0,word_substitution,1,15,1,1,2,0,wrong_word
C:\Users\Mahesh Karki\Downloads\Mahesh\Nep-Eng\data\raw\asr\audio\nep_spk_07_038.wav,spk_07,4.5,medium (2-5s),5,medium (4-7 words),1.11,प्राकृतिक सौन्दर्यले भरिपूर्ण छ नेपाल।,म।,nepal is full of natural beauty .,i is is .,0.9737,1.0,0.0,word_substitution,1,33,1,1,4,0,wrong_word
C:\Users\Mahesh Karki\Downloads\Mahesh\Nep-Eng\data\raw\asr\audio\nep_spk_07_039.wav,spk_07,5.0,medium (2-5s),3,short (<4 words),0.6,आज बेलुका भेटौंला।,म।,see you this evening .,i is is .,0.9444,1.0,0.0,word_substitution,1,15,1,1,2,0,wrong_word
C:\Users\Mahesh Karki\Downloads\Mahesh\Nep-Eng\data\raw\asr\audio\nep_spk_07_058.wav,spk_07,2.5,medium (2-5s),5,medium (4-7 words),2.0,प्राकृतिक सौन्दर्यले भरिपूर्ण छ नेपाल।,म।,nepal is full of natural beauty .,i is is .,0.9737,1.0,0.0,word_substitution,1,33,1,1,4,0,wrong_word
C:\Users\Mahesh Karki\Downloads\Mahesh\Nep-Eng\data\raw\asr\audio\nep_spk_07_059.wav,spk_07,3.0,medium (2-5s),3,short (<4 words),1.0,आज बेलुका भेटौंला।,म।,see you this evening .,i is is .,0.9444,1.0,0.0,word_substitution,1,15,1,1,2,0,wrong_word
C:\Users\Mahesh Karki\Downloads\Mahesh\Nep-Eng\data\raw\asr\audio\nep_spk_07_078.wav,spk_07,4.5,medium (2-5s),5,medium (4-7 words),1.11,प्राकृतिक सौन्दर्यले भरिपूर्ण छ नेपाल।,म।,nepal is full of natural beauty .,i is is .,0.9737,1.0,0.0,word_substitution,1,33,1,1,4,0,wrong_word
C:\Users\Mahesh Karki\Downloads\Mahesh\Nep-Eng\data\raw\asr\audio\nep_spk_07_079.wav,spk_07,5.0,medium (2-5s),3,short (<4 words),0.6,आज बेलुका भेटौंला।,म।,see you this evening .,i is is .,0.9444,1.0,0.0,word_substitution,1,15,1,1,2,0,wrong_word
C:\Users\Mahesh Karki\Downloads\Mahesh\Nep-Eng\data\raw\asr\audio\nep_spk_07_098.wav,spk_07,2.5,medium (2-5s),5,medium (4-7 words),2.0,प्राकृतिक सौन्दर्यले भरिपूर्ण छ नेपाल।,म।,nepal is full of natural beauty .,i is is .,0.9737,1.0,0.0,word_substitution,1,33,1,1,4,0,wrong_word
C:\Users\Mahesh Karki\Downloads\Mahesh\Nep-Eng\data\raw\asr\audio\nep_spk_07_099.wav,spk_07,3.0,medium (2-5s),3,short (<4 words),1.0,आज बेलुका भेटौंला।,म।,see you this evening .,i is is .,0.9444,1.0,0.0,word_substitution,1,15,1,1,2,0,wrong_word
C:\Users\Mahesh Karki\Downloads\Mahesh\Nep-Eng\data\raw\asr\audio\nep_spk_04_009.wav,spk_04,2.0,medium (2-5s),4,medium (4-7 words),2.0,धन्यवाद तपाईंको सहयोगको लागि।,म।,thank you for your help .,i is is .,0.9655,1.0,0.0,word_substitution,1,25,1,1,3,0,wrong_word
C:\Users\Mahesh Karki\Downloads\Mahesh\Nep-Eng\data\raw\asr\audio\nep_spk_04_010.wav,spk_04,2.5,medium (2-5s),5,medium (4-7 words),2.0,यो परियोजना धेरै महत्त्वपूर्ण छ।,म।,this project is very important .,i is is .,0.9375,1.0,0.0,word_substitution,0,26,0,1,4,0,wrong_word
C:\Users\Mahesh Karki\Downloads\Mahesh\Nep-Eng\data\raw\asr\audio\nep_spk_04_011.wav,spk_04,3.0,medium (2-5s),4,medium (4-7 words),1.33,समयको सहि सदुपयोग गर्नुपर्छ।,म।,time must be utilized properly .,i is is .,0.9286,1.0,0.0,word_substitution,0,23,0,1,3,0,wrong_word
C:\Users\Mahesh Karki\Downloads\Mahesh\Nep-Eng\data\raw\asr\audio\nep_spk_04_029.wav,spk_04,4.0,medium (2-5s),4,medium (4-7 words),1.0,धन्यवाद तपाईंको सहयोगको लागि।,म।,thank you for your help .,i is is .,0.9655,1.0,0.0,word_substitution,1,25,1,1,3,0,wrong_word
C:\Users\Mahesh Karki\Downloads\Mahesh\Nep-Eng\data\raw\asr\audio\nep_spk_04_030.wav,spk_04,4.5,medium (2-5s),5,medium (4-7 words),1.11,यो परियोजना धेरै महत्त्वपूर्ण छ।,म।,this project is very important .,i is is .,0.9375,1.0,0.0,word_substitution,0,26,0,1,4,0,wrong_word
C:\Users\Mahesh Karki\Downloads\Mahesh\Nep-Eng\data\raw\asr\audio\nep_spk_04_031.wav,spk_04,5.0,medium (2-5s),4,medium (4-7 words),0.8,समयको सहि सदुपयोग गर्नुपर्छ।,म।,time must be utilized properly .,i is is .,0.9286,1.0,0.0,word_substitution,0,23,0,1,3,0,wrong_word
C:\Users\Mahesh Karki\Downloads\Mahesh\Nep-Eng\data\raw\asr\audio\nep_spk_04_049.wav,spk_04,2.0,medium (2-5s),4,medium (4-7 words),2.0,धन्यवाद तपाईंको सहयोगको लागि।,म।,thank you for your help .,i is is .,0.9655,1.0,0.0,word_substitution,1,25,1,1,3,0,wrong_word
C:\Users\Mahesh Karki\Downloads\Mahesh\Nep-Eng\data\raw\asr\audio\nep_spk_04_050.wav,spk_04,2.5,medium (2-5s),5,medium (4-7 words),2.0,यो परियोजना धेरै महत्त्वपूर्ण छ।,म।,this project is very important .,i is is .,0.9375,1.0,0.0,word_substitution,0,26,0,1,4,0,wrong_word
C:\Users\Mahesh Karki\Downloads\Mahesh\Nep-Eng\data\raw\asr\audio\nep_spk_04_051.wav,spk_04,3.0,medium (2-5s),4,medium (4-7 words),1.33,समयको सहि सदुपयोग गर्नुपर्छ।,म।,time must be utilized properly .,i is is .,0.9286,1.0,0.0,word_substitution,0,23,0,1,3,0,wrong_word
C:\Users\Mahesh Karki\Downloads\Mahesh\Nep-Eng\data\raw\asr\audio\nep_spk_04_069.wav,spk_04,4.0,medium (2-5s),4,medium (4-7 words),1.0,धन्यवाद तपाईंको सहयोगको लागि।,म।,thank you for your help .,i is is .,0.9655,1.0,0.0,word_substitution,1,25,1,1,3,0,wrong_word
